{"assets/images/background.png":["assets/images/background.png"],"assets/images/clock.png":["assets/images/clock.png"],"assets/images/ic_avatar.jpg":["assets/images/ic_avatar.jpg"],"assets/images/ic_zalo.png":["assets/images/ic_zalo.png"],"assets/images/ico_logo.png":["assets/images/ico_logo.png"],"assets/images/img_logo.jpg":["assets/images/img_logo.jpg"],"assets/images/light-1.png":["assets/images/light-1.png"],"assets/images/light-2.png":["assets/images/light-2.png"],"packages/cupertino_icons/assets/CupertinoIcons.ttf":["packages/cupertino_icons/assets/CupertinoIcons.ttf"]}